{
  "SelectFlight" : {
    "transaction" : "SelectFlight",
    "sampleCount" : 964,
    "errorCount" : 0,
    "errorPct" : 0.0,
    "meanResTime" : 308.8755186721994,
    "medianResTime" : 299.0,
    "minResTime" : 218.0,
    "maxResTime" : 574.0,
    "pct1ResTime" : 354.5,
    "pct2ResTime" : 487.0,
    "pct3ResTime" : 526.0,
    "throughput" : 1.6175880822016648,
    "receivedKBytesPerSec" : 4.791592773668553,
    "sentKBytesPerSec" : 1.5263257505046575
  },
  "NavForSignOFF" : {
    "transaction" : "NavForSignOFF",
    "sampleCount" : 974,
    "errorCount" : 0,
    "errorPct" : 0.0,
    "meanResTime" : 309.39117043121115,
    "medianResTime" : 302.0,
    "minResTime" : 216.0,
    "maxResTime" : 574.0,
    "pct1ResTime" : 362.0,
    "pct2ResTime" : 464.75,
    "pct3ResTime" : 538.25,
    "throughput" : 1.6236580649463226,
    "receivedKBytesPerSec" : 4.7649536417700205,
    "sentKBytesPerSec" : 0.9291636973227979
  },
  "OpenFindFlights" : {
    "transaction" : "OpenFindFlights",
    "sampleCount" : 966,
    "errorCount" : 0,
    "errorPct" : 0.0,
    "meanResTime" : 312.21842650103525,
    "medianResTime" : 298.0,
    "minResTime" : 216.0,
    "maxResTime" : 574.0,
    "pct1ResTime" : 442.30000000000007,
    "pct2ResTime" : 501.0,
    "pct3ResTime" : 528.0,
    "throughput" : 1.6163955383467252,
    "receivedKBytesPerSec" : 7.00069747321067,
    "sentKBytesPerSec" : 1.1666178711685904
  },
  "NavToFlights" : {
    "transaction" : "NavToFlights",
    "sampleCount" : 968,
    "errorCount" : 0,
    "errorPct" : 0.0,
    "meanResTime" : 306.83987603305735,
    "medianResTime" : 301.0,
    "minResTime" : 212.0,
    "maxResTime" : 559.0,
    "pct1ResTime" : 350.0,
    "pct2ResTime" : 445.44999999999914,
    "pct3ResTime" : 540.0,
    "throughput" : 1.6182717593188547,
    "receivedKBytesPerSec" : 2.732413937365527,
    "sentKBytesPerSec" : 1.1663914692168935
  },
  "Total" : {
    "transaction" : "Total",
    "sampleCount" : 10660,
    "errorCount" : 0,
    "errorPct" : 0.0,
    "meanResTime" : 308.7947467166982,
    "medianResTime" : 300.0,
    "minResTime" : 212.0,
    "maxResTime" : 574.0,
    "pct1ResTime" : 355.0,
    "pct2ResTime" : 485.0,
    "pct3ResTime" : 537.0,
    "throughput" : 17.76281805608785,
    "receivedKBytesPerSec" : 36.34027568766351,
    "sentKBytesPerSec" : 14.036901705151385
  },
  "OpenHome" : {
    "transaction" : "OpenHome",
    "sampleCount" : 972,
    "errorCount" : 0,
    "errorPct" : 0.0,
    "meanResTime" : 315.23456790123515,
    "medianResTime" : 302.0,
    "minResTime" : 219.0,
    "maxResTime" : 574.0,
    "pct1ResTime" : 406.0,
    "pct2ResTime" : 510.0,
    "pct3ResTime" : 539.27,
    "throughput" : 1.6231705932254339,
    "receivedKBytesPerSec" : 1.8118268622208715,
    "sentKBytesPerSec" : 1.135055683768962
  },
  "PaymentDet" : {
    "transaction" : "PaymentDet",
    "sampleCount" : 964,
    "errorCount" : 0,
    "errorPct" : 0.0,
    "meanResTime" : 304.6991701244812,
    "medianResTime" : 301.0,
    "minResTime" : 226.0,
    "maxResTime" : 574.0,
    "pct1ResTime" : 352.0,
    "pct2ResTime" : 367.5,
    "pct3ResTime" : 538.0,
    "throughput" : 1.617903003022659,
    "receivedKBytesPerSec" : 4.444594925297861,
    "sentKBytesPerSec" : 1.8111674249538043
  },
  "Login" : {
    "transaction" : "Login",
    "sampleCount" : 973,
    "errorCount" : 0,
    "errorPct" : 0.0,
    "meanResTime" : 314.81089414182946,
    "medianResTime" : 302.0,
    "minResTime" : 216.0,
    "maxResTime" : 554.0,
    "pct1ResTime" : 361.0,
    "pct2ResTime" : 498.29999999999995,
    "pct3ResTime" : 537.0,
    "throughput" : 1.6236583542478773,
    "receivedKBytesPerSec" : 1.303470668812076,
    "sentKBytesPerSec" : 1.2723566559354476
  },
  "OpenWebTours" : {
    "transaction" : "OpenWebTours",
    "sampleCount" : 974,
    "errorCount" : 0,
    "errorPct" : 0.0,
    "meanResTime" : 298.4373716632441,
    "medianResTime" : 292.0,
    "minResTime" : 215.0,
    "maxResTime" : 555.0,
    "pct1ResTime" : 344.0,
    "pct2ResTime" : 364.25,
    "pct3ResTime" : 516.25,
    "throughput" : 1.6238340154881088,
    "receivedKBytesPerSec" : 1.611147812242108,
    "sentKBytesPerSec" : 1.0877572668239373
  },
  "NavForLogin" : {
    "transaction" : "NavForLogin",
    "sampleCount" : 971,
    "errorCount" : 0,
    "errorPct" : 0.0,
    "meanResTime" : 309.9577754891868,
    "medianResTime" : 303.0,
    "minResTime" : 220.0,
    "maxResTime" : 559.0,
    "pct1ResTime" : 350.0,
    "pct2ResTime" : 489.0,
    "pct3ResTime" : 540.0,
    "throughput" : 1.6220993072249406,
    "receivedKBytesPerSec" : 2.738876662296799,
    "sentKBytesPerSec" : 1.1422270658169718
  },
  "ClickFlights" : {
    "transaction" : "ClickFlights",
    "sampleCount" : 968,
    "errorCount" : 0,
    "errorPct" : 0.0,
    "meanResTime" : 301.4297520661158,
    "medianResTime" : 292.0,
    "minResTime" : 212.0,
    "maxResTime" : 559.0,
    "pct1ResTime" : 342.0,
    "pct2ResTime" : 480.0,
    "pct3ResTime" : 527.31,
    "throughput" : 1.6185423421043392,
    "receivedKBytesPerSec" : 1.1617467006315325,
    "sentKBytesPerSec" : 1.1618446721866542
  },
  "FillSearch" : {
    "transaction" : "FillSearch",
    "sampleCount" : 966,
    "errorCount" : 0,
    "errorPct" : 0.0,
    "meanResTime" : 314.8498964803312,
    "medianResTime" : 309.0,
    "minResTime" : 219.0,
    "maxResTime" : 573.0,
    "pct1ResTime" : 357.0,
    "pct2ResTime" : 488.0,
    "pct3ResTime" : 539.0,
    "throughput" : 1.617166743953621,
    "receivedKBytesPerSec" : 4.121033227879888,
    "sentKBytesPerSec" : 1.690275568624119
  }
}